{
  "aime_1983_p1": 0.946348,
  "aime_1983_p2": 0.895755,
  "aime_1983_p3": 0.929767,
  "aime_1984_p1": 0.972948,
  "aime_1984_p7": 0.605168,
  "aime_1987_p5": 0.884703,
  "aime_1988_p8": 0.909412,
  "aime_1989_p8": 0.751107,
  "aime_1990_p15": 0.853525,
  "aime_1991_p9": 0.826049,
  "aime_1994_p3": 0.839259,
  "aime_1995_p7": 0.920789,
  "aime_1997_p9": 0.94064,
  "aime_1999_p11": 0.811697,
  "algebra_2varlineareq_fp3zeq11_3tfm1m5zeqn68_feqn10_zeq7": 0.764794,
  "algebra_9onxpypzleqsum2onxpy": 0.766532,
  "algebra_abpbcpcageq3_sumaonsqrtapbgeq3onsqrt2": 0.839269,
  "algebra_absapbon1pabsapbleqsumabsaon1pabsa": 0.913148,
  "algebra_absxm1pabsxpabsxp1eqxp2_0leqxleq1": 0.949184,
  "algebra_amgm_sum1toneqn_prod1tonleq1": 0.845407,
  "algebra_amgm_sumasqdivbgeqsuma": 0.897012,
  "algebra_apbmpcneq0_aeq0anbeq0anceq0": 0.905368,
  "algebra_apbon2pownleqapownpbpowon2": 0.838538,
  "algebra_apbpceq2_abpbcpcaeq1_aleq1on3anbleq1ancleq4on3": 0.747248,
  "algebra_bleqa_apbon2msqrtableqambsqon8b": 0.944483,
  "algebra_cubrtrp1oncubrtreq3_rcubp1onrcubeq5778": 0.92104,
  "algebra_ineq_nto1onlt2m1on": 0.93887,
  "algebra_others_exirrpowirrrat": 0.885723,
  "algebra_sqineq_at2malt1": 0.897554,
  "algebra_sqineq_unitcircatbpabsamblt1": 0.810874,
  "algebra_sqineq_unitcircatbpamblt1": 0.880283,
  "algebra_sum1onsqrt2to1onsqrt10000lt198": 0.830899,
  "amc12_2000_p1": 0.863295,
  "amc12_2000_p12": 0.904877,
  "amc12_2000_p20": 0.928112,
  "amc12_2000_p6": 0.72761,
  "amc12_2001_p21": 0.691454,
  "amc12_2001_p5": 0.640024,
  "amc12a_2002_p13": 0.812697,
  "amc12a_2002_p6": 0.840231,
  "amc12a_2003_p23": 0.856697,
  "amc12a_2003_p5": 0.862315,
  "amc12a_2008_p25": 0.922956,
  "amc12a_2009_p6": 0.616066,
  "amc12a_2009_p7": 0.844531,
  "amc12a_2013_p4": 0.874952,
  "amc12a_2019_p12": 0.847349,
  "amc12a_2020_p10": 0.818007,
  "amc12a_2020_p25": 0.674074,
  "amc12a_2020_p4": 0.62345,
  "amc12a_2020_p7": 0.799234,
  "amc12a_2020_p9": 0.874077,
  "amc12a_2021_p12": 0.868456,
  "amc12a_2021_p14": 0.885557,
  "amc12a_2021_p18": 0.680844,
  "amc12a_2021_p19": 0.667084,
  "amc12a_2021_p22": 0.789469,
  "amc12a_2021_p25": 0.791157,
  "amc12a_2021_p3": 0.802568,
  "amc12a_2021_p8": 0.789982,
  "amc12a_2021_p9": 0.898385,
  "amc12b_2002_p2": 0.856337,
  "amc12b_2002_p4": 0.8027,
  "amc12b_2002_p7": 0.799955,
  "amc12b_2020_p13": 0.828894,
  "amc12b_2020_p2": 0.897287,
  "amc12b_2020_p22": 0.656907,
  "amc12b_2020_p6": 0.886514,
  "amc12b_2021_p1": 0.793962,
  "amc12b_2021_p13": 0.842821,
  "amc12b_2021_p18": 0.85665,
  "amc12b_2021_p3": 0.77313,
  "amc12b_2021_p4": 0.792237,
  "imo_1959_p1": 0.929503,
  "imo_1962_p2": 0.827369,
  "imo_1963_p5": 0.826683,
  "imo_1964_p2": 0.940488,
  "imo_1965_p2": 0.86697,
  "imo_1968_p5_1": 0.900263,
  "imo_1969_p2": 0.725576,
  "imo_1974_p3": 0.628906,
  "imo_1977_p6": 0.812353,
  "imo_1982_p1": 0.700742,
  "imo_1983_p6": 0.721309,
  "imo_1984_p6": 0.884859,
  "imo_1985_p6": 0.644256,
  "imo_1997_p5": 0.881703,
  "imo_2001_p6": 0.823349,
  "imo_2019_p1": 0.85588,
  "induction_11div10tonmn1ton": 0.942301,
  "induction_12dvd4expnp1p20": 0.960393,
  "induction_1pxpownlt1pnx": 0.86483,
  "induction_nfactltnexpnm1ngt3": 0.89501,
  "induction_pord1p1on2powklt5on2": 0.864705,
  "induction_pprime_pdvdapowpma": 0.856939,
  "induction_prod1p1onk3le3m1onn": 0.810332,
  "induction_sumkexp3eqsumksq": 0.796025,
  "mathd_algebra_107": 0.853879,
  "mathd_algebra_114": 0.83339,
  "mathd_algebra_125": 0.794607,
  "mathd_algebra_129": 0.854771,
  "mathd_algebra_137": 0.721613,
  "mathd_algebra_139": 0.71808,
  "mathd_algebra_141": 0.718324,
  "mathd_algebra_142": 0.803981,
  "mathd_algebra_143": 0.886999,
  "mathd_algebra_148": 0.830588,
  "mathd_algebra_153": 0.950275,
  "mathd_algebra_156": 0.703473,
  "mathd_algebra_158": 0.640641,
  "mathd_algebra_17": 0.890194,
  "mathd_algebra_171": 0.838767,
  "mathd_algebra_176": 0.790495,
  "mathd_algebra_184": 0.75915,
  "mathd_algebra_188": 0.846521,
  "mathd_algebra_196": 0.80431,
  "mathd_algebra_208": 0.874931,
  "mathd_algebra_209": 0.899451,
  "mathd_algebra_215": 0.783403,
  "mathd_algebra_24": 0.638342,
  "mathd_algebra_246": 0.861715,
  "mathd_algebra_263": 0.848705,
  "mathd_algebra_270": 0.912914,
  "mathd_algebra_275": 0.930763,
  "mathd_algebra_276": 0.817709,
  "mathd_algebra_288": 0.764181,
  "mathd_algebra_289": 0.854722,
  "mathd_algebra_293": 0.821866,
  "mathd_algebra_296": 0.795071,
  "mathd_algebra_302": 0.894246,
  "mathd_algebra_304": 0.8777,
  "mathd_algebra_313": 0.775342,
  "mathd_algebra_314": 0.839678,
  "mathd_algebra_320": 0.792994,
  "mathd_algebra_329": 0.740008,
  "mathd_algebra_33": 0.916332,
  "mathd_algebra_332": 0.945775,
  "mathd_algebra_338": 0.866076,
  "mathd_algebra_342": 0.673054,
  "mathd_algebra_346": 0.861722,
  "mathd_algebra_354": 0.902007,
  "mathd_algebra_359": 0.703002,
  "mathd_algebra_362": 0.856057,
  "mathd_algebra_388": 0.825299,
  "mathd_algebra_392": 0.769689,
  "mathd_algebra_400": 0.743926,
  "mathd_algebra_412": 0.765292,
  "mathd_algebra_419": 0.896748,
  "mathd_algebra_427": 0.758507,
  "mathd_algebra_432": 0.905283,
  "mathd_algebra_44": 0.866038,
  "mathd_algebra_441": 0.919933,
  "mathd_algebra_452": 0.619694,
  "mathd_algebra_459": 0.783311,
  "mathd_algebra_484": 0.911727,
  "mathd_algebra_487": 0.901448,
  "mathd_algebra_513": 0.760742,
  "mathd_algebra_598": 0.843925,
  "mathd_algebra_756": 0.810779,
  "mathd_algebra_76": 0.92566,
  "mathd_algebra_80": 0.827117,
  "mathd_numbertheory_100": 0.914761,
  "mathd_numbertheory_1124": 0.840001,
  "mathd_numbertheory_12": 0.863905,
  "mathd_numbertheory_127": 0.922999,
  "mathd_numbertheory_135": 0.823835,
  "mathd_numbertheory_150": 0.703351,
  "mathd_numbertheory_175": 0.855142,
  "mathd_numbertheory_185": 0.802119,
  "mathd_numbertheory_207": 0.868855,
  "mathd_numbertheory_212": 0.934571,
  "mathd_numbertheory_222": 0.871594,
  "mathd_numbertheory_227": 0.6551,
  "mathd_numbertheory_229": 0.818627,
  "mathd_numbertheory_233": 0.900652,
  "mathd_numbertheory_234": 0.826317,
  "mathd_numbertheory_235": 0.878292,
  "mathd_numbertheory_237": 0.814476,
  "mathd_numbertheory_239": 0.767965,
  "mathd_numbertheory_247": 0.857913,
  "mathd_numbertheory_254": 0.661031,
  "mathd_numbertheory_277": 0.839504,
  "mathd_numbertheory_293": 0.833226,
  "mathd_numbertheory_296": 0.91653,
  "mathd_numbertheory_299": 0.884063,
  "mathd_numbertheory_3": 0.772388,
  "mathd_numbertheory_314": 0.881896,
  "mathd_numbertheory_320": 0.916321,
  "mathd_numbertheory_321": 0.901155,
  "mathd_numbertheory_328": 0.871906,
  "mathd_numbertheory_34": 0.903804,
  "mathd_numbertheory_341": 0.885185,
  "mathd_numbertheory_342": 0.80659,
  "mathd_numbertheory_343": 0.823432,
  "mathd_numbertheory_345": 0.918584,
  "mathd_numbertheory_353": 0.868491,
  "mathd_numbertheory_427": 0.921435,
  "mathd_numbertheory_430": 0.780895,
  "mathd_numbertheory_447": 0.89401,
  "mathd_numbertheory_451": 0.694672,
  "mathd_numbertheory_457": 0.848649,
  "mathd_numbertheory_483": 0.725721,
  "mathd_numbertheory_495": 0.719324,
  "mathd_numbertheory_5": 0.899316,
  "mathd_numbertheory_517": 0.960685,
  "mathd_numbertheory_521": 0.809904,
  "mathd_numbertheory_541": 0.678562,
  "mathd_numbertheory_551": 0.916057,
  "mathd_numbertheory_552": 0.886402,
  "mathd_numbertheory_559": 0.876506,
  "mathd_numbertheory_582": 0.914111,
  "mathd_numbertheory_618": 0.817889,
  "mathd_numbertheory_66": 0.888661,
  "mathd_numbertheory_711": 0.917231,
  "mathd_numbertheory_728": 0.889436,
  "mathd_numbertheory_764": 0.850027,
  "mathd_numbertheory_85": 0.708082,
  "mathd_numbertheory_99": 0.83297,
  "numbertheory_3pow2pownm1mod2pownp3eq2pownp2": 0.9112,
  "numbertheory_4x3m7y3neq2003": 0.91167,
  "numbertheory_aoddbdiv4asqpbsqmod8eq1": 0.95315,
  "numbertheory_exk2powkeqapb2mulbpa2_aeq1": 0.855209,
  "numbertheory_fxeq4powxp6powxp9powx_f2powmdvdf2pown": 0.864561,
  "numbertheory_notequiv2i2jasqbsqdiv8": 0.920543,
  "numbertheory_x5neqy2p4": 0.928306
}