{
  "aime_1990_p4": 0.390638,
  "amc12a_2020_p15": 0.462233,
  "amc12b_2002_p19": 0.550578,
  "amc12b_2020_p21": 0.413359,
  "amc12b_2021_p9": 0.485427,
  "imo_1960_p2": 0.435863,
  "imo_1992_p1": 0.371262,
  "imosl_2007_algebra_p6": 0.585934,
  "mathd_algebra_113": 0.527638,
  "mathd_algebra_160": 0.498593,
  "mathd_algebra_170": 0.498808,
  "mathd_algebra_398": 0.528603,
  "mathd_algebra_440": 0.517215,
  "mathd_algebra_478": 0.510175,
  "mathd_numbertheory_435": 0.50341,
  "mathd_numbertheory_765": 0.38638,
  "mathd_numbertheory_769": 0.412473,
  "numbertheory_2pownm1prime_nprime": 0.521426
}